final_rank,name,position,college,age,final_gen_probability,final_grade,ppg,rpg,apg,spg,bpg,fg_pct,three_pt_pct,ts_pct,fga,fta,turnovers,PER,usage_rate_calculated,ml_rank,ml_gen_probability,scout_grade,height,weight,wingspan,nba_comparison,strengths,weaknesses,rank,round,class_year,country,standing_reach,ft_pct,ceiling,floor,last_updated,team_pace,games_played,minutes,verification_date,verified_with_sources,yang_hansen_penalty,consensus_floor,young_prospect_bonus,shooting_skill_score,athleticism_score,bbiq_score,leadership_score,defensive_upside,concern_flags,ceiling_floor_gap,comparison_quality,projected_team,projected_pick,franchise_financial_fit,organizational_stability,trade_asset_value,ownership_philosophy_match,development_confidence,team_player_synergy,talent_efficiency_composite,historical_context_lite,scouting_consensus_grade,development_upside_indicator,risk_adjustment_factor,final_draft_score_v21,predicted_rank_v21,is_generational_talent,score_v22,model_used,predicted_rank_v22,error_v21,error_v22,improvement,confidence_low,confidence_high,alert_level,base_score,grade_bonus,production_score,production_bonus,youth_bonus,low_production_malus,final_score,predicted_rank,gen_probability,predicted_grade,ml_prediction
1,Cooper Flagg,PF,Duke,18.0,0.98,Elite,19.2,7.5,4.2,1.3,1.8,0.481,0.348,0.4887304507819686,13.4,5.8,2.1,30.4,31.618538043905897,1,0.95,A+,6-8,221,"7'0""","Jalen Johnson, Kevin Garnett","Elite two-way impact, leadership, basketball IQ, versatility","Needs to add strength, shooting consistency",1,1,Freshman,USA,"8'10.5""",0.840,"Franchise player, generational talent","High-level starter, versatile two-way player",2025-06-12,68.2,37,30.7,2025-06-13,True,0.0,6,0.2,0.8333333333333333,0.5,0.8333333333333333,0.8333333333333333,0.5,0,0.5,0.5,Dallas Mavericks,1.0,0.4733333333333333,0.5,0.5,0.5,0.5,0.4957333333333333,0.8727304507819686,0.1,0.91,1.0,1.0,0.9081683720085866,1.0,True,0.7665346976068693,lottery,1.0,0.0,0.0,0.0,1.0,4.0,VERT,60,15,12.69,6.768,4.333333333333336,0,40.5568,1,0.5069600000000001,Elite,0.9185000000000004
2,Dylan Harper,PG/SG,Rutgers,19.0,0.98,Elite,19.4,4.6,4.0,1.4,0.6,0.484,0.33,0.54,13.8,5.8,2.4,24.6,35.094469254551704,2,0.9360999999999992,A+,6-5,213,"6'10.5""","Cade Cunningham, Jalen Brunson","Size, strength, rim pressure, shotmaking","Three-point consistency, fit questions",2,1,Freshman,USA,"8'6""",0.750,"All-Star guard, primary scorer","Solid starter, versatile guard",2025-06-12,70.9,32,32.8,2025-06-13,True,0.0,7,0.1,0.8333333333333333,0.5,0.5,0.5,0.5,0,0.5,0.5,San Antonio Spurs,2.0,1.0,0.5,0.5,0.5,0.5,0.58,0.828,0.1,0.8699999999999999,0.9,1.0,0.8861893333333336,2.0,True,0.736951466666667,lottery,2.0,0.0,0.0,0.0,1.0,5.0,VERT,59,15,11.88,6.335999999999999,2.3333333333333357,0,39.8536,2,0.49817,Elite,0.9360999999999992
3,Ace Bailey,SF,Rutgers,18.0,0.98,Elite,17.6,7.2,1.3,1.0,1.3,0.46,0.346,0.4892555640828857,13.7,4.4,2.4,,37.773705429603645,3,0.8826214285714299,A,6-8,203,"7'0.5""","Brandon Miller, Michael Porter Jr.","Dynamic shotmaking, size, scoring potential","Consistency, ball handling, needs strength",3,1,Freshman,USA,"8'11""",0.692,"Elite scorer, versatile wing","Streaky shooter, needs development",2025-06-12,72.3,30,33.3,2025-06-13,True,0.0,8,0.2,0.8333333333333333,0.5,0.5,0.5,0.5,0,0.5,0.5,Philadelphia 76ers,3.0,0.1699999999999999,0.8,0.5,0.5,0.5,0.5192,0.5412555640828858,0.1,0.8,1.0,1.0,0.7719719852238427,4.0,True,0.6575775881790742,lottery,3.0,1.0,0.0,1.0,1.0,6.0,VERT,58,12,11.22,5.984,4.333333333333336,0,38.5284,3,0.4816049999999999,Elite,0.8826214285714299
4,Tre Johnson,SG,Texas,19.0,0.8580999999999994,Elite,19.9,3.1,2.7,0.9,0.3,0.427,0.397,0.5357142857142857,15.9,4.2,1.8,,37.716374583378126,4,0.8580999999999994,A-,6-5,190,"6'5.25""",Tyler Herro,"Pure shooting, scoring instincts, size","Defense, playmaking, needs versatility",5,1,Freshman,USA,"8'2.5""",0.871,"Elite scorer, primary offensive option","Shooting specialist, rotation player",2025-06-12,71.9,33,34.7,2025-06-13,True,0.0,10,0.1,0.8333333333333333,0.5,0.8333333333333333,0.5,0.8333333333333333,0,0.5,0.5,Utah Jazz,5.0,1.0,0.8,0.5,0.5,0.5,0.652,0.5337142857142857,0.1,0.7699999999999999,0.9,1.0,0.7054415238095237,3.0,False,0.5923532190476191,lottery,4.0,2.0,1.0,1.0,1.0,7.0,VERT,56,8,11.419999999999998,6.090666666666666,2.3333333333333357,0,36.279066666666665,5,0.0755813333333332,Elite,0.8580999999999994
5,Jeremiah Fears,PG,Oklahoma,18.0,0.8364666666666665,Elite,17.1,4.1,4.1,1.6,0.1,0.434,0.284,0.3766629267510819,12.2,6.3,3.4,,40.0,5,0.8364666666666665,A-,6-3,180,"6'10.25""",Dejounte Murray,"Rim pressure, playmaking, confidence, clutch gene","Size, three-point shooting, turnovers",6,1,Freshman,USA,"8'5""",0.851,"Elite playmaker, clutch performer",Solid backup point guard,2025-06-12,71.3,34,30.2,2025-06-13,True,0.0,26,0.2,1.0,0.5,0.5,0.8333333333333333,0.5,0,0.5,0.5,Washington Wizards,6.0,1.0,0.5,0.5,0.5,0.5,0.58,0.2816629267510818,0.1,0.7599999999999999,1.0,1.0,0.6304790425816104,9.0,False,0.5443832340652883,lottery,8.0,3.0,2.0,1.0,5.0,11.0,VERT,55,8,10.6,5.653333333333333,4.333333333333336,0,35.69533333333334,6,0.0639066666666667,Elite,0.8364666666666665
6,VJ Edgecombe,SG/SF,Baylor,19.0,0.806391666666667,Good,15.0,5.6,3.2,2.1,0.6,0.436,0.34,0.255994005994006,11.5,4.3,1.9,,40.0,6,0.806391666666667,A-,6-4,193,"6'7.5""","Andrew Wiggins, Victor Oladipo","Explosiveness, defensive quickness, rim pressure","Shooting consistency, decision making",4,1,Freshman,Bahamas,"8'5.5""",0.782,"Two-way star, explosive athlete","Athletic role player, defensive specialist",2025-06-12,68.7,33,32.7,2025-06-13,True,0.0,9,0.1,0.8333333333333333,1.0,0.5,0.5,0.8333333333333333,0,0.5,0.5,Charlotte Hornets,4.0,0.7366666666666667,0.8,0.5,0.5,0.5,0.6098666666666667,0.155994005994006,0.1,0.7799999999999999,0.9,1.0,0.6313494848582131,8.0,False,0.5330795878865705,lottery,9.0,4.0,5.0,-1.0,6.0,12.0,JAUNE,57,8,9.82,5.237333333333334,2.3333333333333357,0,36.79373333333333,4,0.0858746666666666,Elite,0.806391666666667
7,Noa Essengue,PF,Ratiopharm Ulm,18.0,0.7535600000000007,Good,9.7,4.5,1.1,0.7,1.1,0.474,0.243,0.5239030779305829,10.5,3.9,1.1,,36.056338028169016,7,0.7535600000000007,B+,6-10,198,"6'6.25""",Jerami Grant,"Size, shooting touch, international experience, youth","Strength, physicality, NBA pace adjustment",8,1,Professional,France,"8'5.5""",0.679,"Versatile forward, two-way player","International project, needs development",2025-06-12,69.7,30,22.8,2025-06-13,True,0.0,20,0.2,0.8333333333333333,0.5,0.5,0.5,0.5,0,0.5,0.5,Brooklyn Nets,8.0,1.0,0.8,0.5,0.5,0.5,0.652,0.4179030779305829,0.1,0.6599999999999999,1.0,1.0,0.6597138546168959,6.0,False,0.5677710836935168,lottery,6.0,2.0,2.0,0.0,2.0,10.0,VERT,53,4,6.419999999999999,3.4239999999999995,4.333333333333336,0,33.2724,8,0.0154479999999999,Elite,0.7535600000000007
8,Kasparas Jakucionis,PG/SG,Illinois,18.0,0.7508666666666666,Good,15.0,5.7,4.7,0.9,0.3,0.434,0.318,0.478,10.3,5.1,3.7,,31.747881927580806,8,0.7508666666666666,B+,6-5,205,"6'7.75""",Coby White,"Size, court vision, playmaking feel, versatility","Athleticism, shooting consistency, burst",10,1,Freshman,Lithuania,"8'3.5""",0.845,"Versatile playmaker, starter","Backup guard, international player",2025-06-12,71.3,33,31.8,2025-06-13,True,0.0,22,0.2,0.8333333333333333,0.8333333333333333,0.8333333333333333,0.5,0.5,0,0.5,0.5,Houston Rockets,10.0,1.0,0.8,0.5,0.5,0.5,0.652,0.478,0.1,0.7,1.0,1.0,0.673552,5.0,False,0.5788416000000001,lottery,5.0,5.0,5.0,0.0,1.0,9.0,JAUNE,51,4,10.15,5.413333333333333,4.333333333333336,0,32.27133333333333,10,-0.0045733333333333,Elite,0.7508666666666666
9,Kon Knueppel,SF,Duke,19.0,0.7479799999999999,Good,14.4,4.0,2.7,1.0,0.2,0.479,0.406,0.521669341894061,9.7,3.3,1.4,,25.749368002889128,9,0.7479799999999999,B+,6-6,217,"7'0.75""",Cameron Johnson,"Elite shooting, basketball IQ, clutch, versatility","Athleticism, defensive limitations",9,1,Freshman,USA,"8'10""",0.914,"Elite shooter, solid starter","Shooting specialist, role player",2025-06-12,71.1,39,30.5,2025-06-13,True,0.0,21,0.1,1.0,0.8333333333333333,0.8333333333333333,0.8333333333333333,0.8333333333333333,0,0.5,0.5,Toronto Raptors,9.0,0.1066666666666666,0.8,0.5,0.5,0.5,0.5090666666666667,0.409669341894061,0.1,0.7499999999999999,0.9,1.0,0.6303494848582131,10.0,False,0.5322795878865705,lottery,10.0,1.0,1.0,0.0,7.0,13.0,VERT,52,4,8.940000000000001,4.768000000000001,2.3333333333333357,0,32.7468,9,0.004936,Elite,0.7479799999999999
10,Khaman Maluach,C,Duke,18.0,0.72745,Good,8.6,6.6,0.5,0.2,1.3,0.712,0.25,0.4460352422907488,4.9,2.0,0.8,,20.804450527617117,10,0.72745,B+,7-1,253,"7'6.75""",Dereck Lively,"Elite size, rim protection, athleticism, mobility","Offensive skills, perimeter shooting, experience",7,1,Freshman,South Sudan,"9'6""",0.766,"Modern center, rim protector","Backup center, defensive specialist",2025-06-12,70.1,39,21.2,2025-06-13,True,0.0,19,0.2,0.8333333333333333,0.8333333333333333,0.5,0.5,0.8333333333333333,0,0.5,0.5,New Orleans Pelicans,7.0,0.8233333333333333,0.8,0.5,0.5,0.5,0.6237333333333333,0.3660352422907488,0.1,0.7,1.0,1.0,0.6494618220264318,7.0,False,0.5595694576211455,lottery,7.0,0.0,0.0,0.0,3.0,11.0,VERT,54,4,6.379999999999999,3.402666666666666,4.333333333333336,0,33.870266666666666,7,0.0274053333333333,Elite,0.72745
11,Collin Murray-Boyles,PF,South Carolina,19.0,0.7111830952380945,Good,16.8,8.3,2.4,1.0,1.0,0.586,0.265,0.3563337738342458,10.6,5.9,2.4,,40.0,11,0.7111830952380945,B,6-7,239,"7'0.5""","Julius Randle, Anthony Mason","Physicality, rebounding, face-up game, toughness","Shooting range, size for position",12,1,Sophomore,USA,"9'1.5""",0.707,"Versatile forward, double-double machine","Energy player, hustle specialist",2025-06-12,70.1,32,30.6,2025-06-13,True,0.0,32,0.0,1.0,0.5,0.5,0.5,0.5,0,0.5,0.5,Chicago Bulls,12.0,0.8233333333333333,0.5,0.5,0.5,0.5,0.5776,0.1923337738342458,0.1,0.6,0.9,1.0,0.5963723371468127,12.0,False,0.5050978697174502,lottery,12.0,0.0,0.0,0.0,9.0,15.0,VERT,49,0,11.37,6.064,2.3333333333333357,0,30.0764,12,-0.13206,Good,0.7111830952380945
12,Derik Queen,C,Maryland,20.0,0.6969580952380946,Good,16.5,9.0,1.9,1.1,1.0,0.526,0.2,0.387539494470774,11.1,6.1,2.4,,40.0,12,0.6969580952380946,B,6-9,248,"7'4""",Alperen Sengun,"Post skills, passing, feel, scoring touch","Mobility, defensive quickness, athleticism",13,1,Freshman,USA,"9'3""",0.766,"Skilled big, offensive hub","Backup center, post player",2025-06-12,69.3,36,30.4,2025-06-13,True,0.0,33,0.0,0.5,1.0,0.5,0.5,0.8333333333333333,0,0.5,0.5,Atlanta Hawks,13.0,0.5066666666666666,0.8,0.5,0.5,0.5,0.6095999999999999,0.187539494470774,0.0,0.62,0.65,1.0,0.5772639191153239,14.0,False,0.4748111352922591,lottery,13.0,1.0,0.0,1.0,10.0,16.0,VERT,48,0,11.33,6.042666666666666,0.3333333333333357,0,29.414266666666663,13,-0.1430955555555555,Good,0.6969580952380946
13,Asa Newell,PF/C,Georgia,19.0,0.6838830952380954,Good,15.4,6.8,0.9,1.0,1.0,0.543,0.292,0.3059364693629579,10.7,4.1,1.0,,40.0,13,0.6838830952380954,B,6-9,224,"6'10.25""",John Collins,"Athleticism, finishing, potential shooting","Shooting consistency, defensive awareness",11,1,Freshman,USA,"8'9.5""",0.748,"Athletic big, stretch potential","Energy player, backup big",2025-06-12,73.7,33,29.0,2025-06-13,True,0.0,31,0.0,0.8333333333333333,0.8333333333333333,0.5,0.5,0.8333333333333333,0,0.5,0.5,Portland Trail Blazers,11.0,0.8466666666666666,0.8,0.5,0.5,0.5,0.6912,0.1139364693629578,0.1,0.63,0.9,1.0,0.62104370176474,11.0,False,0.524834961411792,lottery,11.0,0.0,0.0,0.0,8.0,14.0,VERT,50,0,9.92,5.290666666666667,2.3333333333333357,0,30.599066666666666,11,-0.1233488888888889,Good,0.6838830952380954
14,Liam McNeeley,SF/PF,UConn,19.0,0.6681299999999989,Good,14.3,6.0,2.3,0.6,0.2,0.381,0.317,0.521,11.5,4.7,1.9,,23.62250338187316,14,0.6681299999999989,B,6-7,215,"7'2""",Keegan Murray,"Winning program, versatility, basketball IQ, size","Athletic limitations, shooting consistency",15,1,Freshman,USA,"8'11""",0.86.6,"Versatile forward, solid starter","Role player, shooting specialist",2025-06-12,68.9,27,32.1,2025-06-13,True,0.0,35,0.0,0.8333333333333333,0.8333333333333333,0.8333333333333333,0.5,0.5,0,0.5,0.5,Oklahoma City Thunder,15.0,0.2966666666666667,0.5,0.5,0.5,0.5,0.4512,0.307,0.1,0.63,0.9,1.0,0.5771605333333334,15.0,False,0.6071605333333334,late_first,27.0,0.0,12.0,-12.0,21.0,33.0,ORANGE,46,0,9.41,5.018666666666666,2.3333333333333357,0,28.171866666666663,15,-0.1638022222222222,Good,0.6681299999999989
15,Cedric Coward,SF/PF,Washington State,21.0,0.6417033333333328,Good,11.8,6.2,1.9,0.9,0.7,0.595,0.389,0.4585653455617425,7.3,2.5,1.6,,28.701886408704937,15,0.6417033333333328,B,6-5,213,"6'11.75""",Jarace Walker,"Length, shooting, defensive tools, experience","Limited sample size, age",14,1,Senior,USA,"8'10""",0.832,"Versatile wing, 3-and-D player","Role player, bench contributor",2025-06-12,70.4,72,26.5,2025-06-13,True,0.0,34,0.0,0.8333333333333333,0.5,0.5,0.5,0.8333333333333333,0,0.5,0.5,San Antonio Spurs,14.0,1.0,0.5,0.5,0.5,0.5,0.62,0.1945653455617425,0.0,0.61,0.4,1.0,0.5561171219565455,17.0,False,0.4528936975652364,lottery,14.0,3.0,0.0,3.0,11.0,17.0,VERT,47,0,8.14,4.341333333333334,0.0,0,28.63413333333333,14,-0.1560977777777777,Good,0.6417033333333328
16,Carter Bryant,SF,Arizona,19.0,0.586241666666667,Average,6.5,4.1,1.0,0.9,1.0,0.46,0.371,0.2776722992215682,4.8,1.6,1.0,,40.0,16,0.586241666666667,B-,6-7,215,"6'10""",Marcus Morris,"Athletic tools, defensive potential, shooting","Limited production, creation ability",16,1,Freshman,USA,"8'7""",0.695,"3-and-D wing, versatile defender","Role player, bench contributor",2025-06-12,70.0,37,19.3,2025-06-13,True,0.0,36,0.0,0.8333333333333333,0.8333333333333333,0.5,0.5,0.8333333333333333,0,0.5,0.5,Orlando Magic,16.0,0.7366666666666667,0.8,0.5,0.5,0.5,0.6648,0.0,0.1,0.5599999999999999,0.9,1.0,0.522736,24.0,False,0.692736,late_first,20.0,8.0,4.0,4.0,15.0,25.0,VERT,45,-2,4.68,2.496,2.3333333333333357,-5,26.7196,16,-0.1880066666666666,Good,0.586241666666667
17,Egor Demin,PG/SF,BYU,19.0,0.5846050000000006,Average,10.6,3.9,5.5,1.2,0.4,0.412,0.273,0.478,9.3,2.5,2.9,,32.02686316574946,17,0.5846050000000006,B-,6-8,199,"6'10""",Josh Giddey,"Size, playmaking, court vision, passing","Shooting, turnovers, defense, decision making",17,1,Freshman,Russia,"8'7""",0.667,"Unique playmaker, versatile guard","International project, needs development",2025-06-12,68.1,33,27.5,2025-06-13,True,0.0,37,0.0,0.8333333333333333,0.5,0.8333333333333333,0.5,0.8333333333333333,0,0.5,0.5,Minnesota Timberwolves,17.0,0.1766666666666666,0.8,0.5,0.5,0.5,0.5304,0.1899999999999999,0.3,0.5599999999999999,0.9,1.0,0.533728,23.0,False,0.673728,late_first,22.0,6.0,5.0,1.0,16.0,28.0,VERT,44,-2,7.57,4.037333333333334,2.3333333333333357,0,26.373733333333337,17,-0.1937711111111111,Good,0.5846050000000006
18,Will Riley,SF,Illinois,19.0,0.5809207142857148,Average,12.6,4.1,2.2,0.3,0.3,0.432,0.326,0.2566040738383195,10.3,3.3,1.2,,40.0,18,0.5809207142857148,B-,6-8,186,"6'10""",Kyshawn George,"Length, shooting potential, playmaking flashes","Needs strength, consistency",18,1,Freshman,Canada,"8'7""",0.724,"Versatile wing, solid starter","Role player, needs development",2025-06-12,71.5,35,25.7,2025-06-13,True,0.0,38,0.0,0.8333333333333333,0.5,0.5,0.5,0.5,0,0.5,0.5,Washington Wizards,18.0,1.0,0.5,0.5,0.5,0.5,0.62,0.0086040738383195,0.3,0.52,0.9,1.0,0.5181208147676639,27.0,False,0.5481208147676639,late_first,30.0,9.0,12.0,-3.0,23.0,37.0,ORANGE,43,-2,7.97,4.250666666666667,2.3333333333333357,0,25.795066666666667,18,-0.2034155555555555,Good,0.5809207142857148
19,Jase Richardson,SG,Michigan State,19.0,0.5772873809523813,Average,12.1,3.3,1.9,0.8,0.2,0.493,0.412,0.3162241271168722,8.1,3.4,0.8,,40.0,19,0.5772873809523813,B-,6-1,178,"6'10""",Reed Sheppard,"Shooting, basketball IQ, NBA bloodline, efficiency","Size limitations, defensive consistency",19,1,Freshman,USA,"8'7""",0.836,"Scoring guard, sixth man","Backup guard, shooter",2025-06-12,70.7,36,25.3,2025-06-13,True,0.0,39,0.0,1.0,0.5,0.8333333333333333,0.5,0.8333333333333333,0,0.5,0.5,Brooklyn Nets,19.0,1.0,0.8,0.5,0.5,0.5,0.728,0.0582241271168721,0.1,0.57,0.9,1.0,0.5566048254233744,16.0,False,0.7266048254233745,late_first,16.0,3.0,3.0,0.0,11.0,21.0,VERT,42,-2,7.42,3.957333333333333,2.3333333333333357,0,25.165733333333332,19,-0.2139044444444444,Good,0.5772873809523813
20,Rasheer Fleming,PF,Saint Joseph's,20.0,0.5616533333333331,Average,10.6,7.1,1.3,1.0,1.3,0.512,0.39,0.4811759729272419,7.6,2.3,1.2,,40.0,20,0.5616533333333331,B-,6-8,232,"6'10""",Taylor Hendricks,"Length, shooting, production, mid-major success","Competition level, athleticism",21,1,Junior,USA,"8'7""",0.680,"Stretch-4, versatile forward","Role player, shooting big",2025-06-12,70.3,101,26.4,2025-06-13,True,0.0,41,0.0,0.8333333333333333,0.8333333333333333,0.5,0.5,0.5,0,0.5,0.5,Utah Jazz,21.0,1.0,0.8,0.5,0.5,0.5,0.728,0.1931759729272419,0.0,0.5399999999999999,0.65,1.0,0.5445951945854485,21.0,False,0.6845951945854484,late_first,21.0,0.0,0.0,0.0,16.0,26.0,VERT,40,-2,7.69,4.101333333333333,0.3333333333333357,0,23.920133333333336,21,0.0,Good,0.5616533333333331
21,Nique Clifford,SF/PF,Colorado State,23.0,0.5608257142857144,Average,10.1,5.9,2.4,0.9,0.6,0.469,0.364,0.3264001440662705,7.9,2.3,1.7,,40.0,21,0.5608257142857144,B-,6-5,202,"6'10""",Cody Martin,"Experience, versatility, rebounding, defense","Age, limited upside",20,1,Senior,USA,"8'7""",0.777,"Versatile role player, instant impact","Bench contributor, defensive specialist",2025-06-12,72.8,154,25.6,2025-06-13,True,0.0,40,0.0,0.5,0.5,0.5,0.5,1.0,0,0.5,0.5,Miami Heat,20.0,0.2699999999999999,0.5,0.5,0.5,0.5,0.4448,0.0284001440662704,0.0,0.53,0.15,1.0,0.40996,40.0,False,0.6199600000000001,late_first,25.0,20.0,5.0,15.0,20.0,30.0,VERT,41,-2,7.300000000000001,3.8933333333333335,0.0,0,24.48933333333333,20,-0.2251777777777778,Good,0.5608257142857144
22,Maxime Raynaud,C,Stanford,22.0,0.5565773809523806,Average,12.6,7.7,1.3,0.6,0.8,0.515,0.347,0.658,9.7,2.3,1.9,,40.0,22,0.5565773809523806,B-,7-1,250,"6'10""",Quentin Post,"Size, shooting, post skills, production, passing","Age, mobility, defensive concerns",22,1,Senior,France,"8'7""",0.732,"Skilled center, stretch-5","Backup center, offensive specialist",2025-06-12,69.9,129,24.7,2025-06-13,True,0.0,42,0.0,0.8333333333333333,0.5,0.5,0.5,0.8333333333333333,1,0.5,0.5,Atlanta Hawks,22.0,0.5066666666666666,0.8,0.5,0.5,0.5,0.6095999999999999,0.4146666666666667,0.2,0.5399999999999999,0.15,1.0,0.5170053333333333,28.0,False,0.6970053333333333,late_first,19.0,6.0,3.0,3.0,13.0,25.0,VERT,39,-2,8.87,4.730666666666666,0.0,0,23.373066666666663,22,0.0,Good,0.5565773809523806
23,Walter Clayton Jr.,PG/SG,Florida,22.0,0.4699766666666666,Average,18.3,3.4,4.2,1.2,0.5,0.445,0.386,0.5174418604651163,11.2,3.5,1.9,,40.0,23,0.4699766666666666,C+,6-3,195,"6'10""","Fred VanVleet, Cole Anthony","Clutch shooting, fearlessness, experience","Size, age, defensive limitations",25,1,Senior,USA,"8'7""",0.879,"Scoring guard, bench spark","Backup guard, shooter",2025-06-12,70.4,139,27.8,2025-06-13,True,0.0,45,0.0,1.0,0.5,0.5,0.8333333333333333,0.8333333333333333,0,0.5,0.5,Oklahoma City Thunder,24.0,0.2966666666666667,0.5,0.5,0.5,0.5,0.4512,0.3834418604651163,0.0,0.57,0.15,1.0,0.4500723720930232,34.0,False,0.7600723720930231,late_first,15.0,9.0,10.0,-1.0,9.0,21.0,ORANGE,36,-4,18.75,10.0,0.0,0,21.6,24,0.0,Good,0.4699766666666666
24,Thomas Sorber,C,Georgetown,19.0,0.4643166666666662,Average,14.5,8.5,2.4,1.5,2.0,0.532,0.162,0.2554911531421598,10.4,4.4,2.3,,40.0,24,0.4643166666666662,C+,6-9,263,"6'10""",Onyeka Okongwu,"Post skills, passing, defensive activity, size","Height for position, injury concerns",23,1,Freshman,USA,"8'7""",0.724,"Defensive center, rim protector","Backup center, energy player",2025-06-12,72.9,24,31.3,2025-06-13,True,0.0,43,0.0,0.5,0.5,0.5,0.5,0.8333333333333333,2,0.5,0.5,Indiana Pacers,23.0,0.8300000000000001,0.8,0.5,0.5,0.5,0.6872,0.0388244864754931,0.0,0.52,0.9,1.0,0.5216688972950987,25.0,False,0.6516688972950987,late_first,23.0,2.0,0.0,2.0,18.0,28.0,VERT,38,-4,10.28,5.482666666666667,2.3333333333333357,0,22.418266666666668,23,0.0,Good,0.4643166666666662
25,Joan Beringer,C,Cedevita,18.0,0.4618216666666664,Average,4.7,4.6,0.4,0.5,1.4,0.597,0.0,0.1916451335055986,3.3,1.5,0.6,,40.0,25,0.4618216666666664,C+,6-11,225,"6'10""",Nicolas Claxton,"Size, shot-blocking, mobility, age","Offensive skills, experience, strength",24,1,Professional,France,"8'7""",0.565,"Rim protector, defensive specialist","International project, raw talent",2025-06-12,72.8,47,18.0,2025-06-13,True,0.0,44,0.0,0.5,0.5,0.5,0.5,0.8333333333333333,0,0.5,0.5,Houston Rockets,24.0,1.0,0.8,0.5,0.5,0.5,0.728,0.0,0.2,0.52,1.0,1.0,0.5529600000000001,18.0,False,0.6129600000000002,late_first,26.0,6.0,2.0,4.0,20.0,32.0,VERT,37,-4,3.81,2.032,4.333333333333336,-5,21.433199999999996,25,0.0,Good,0.4618216666666664
26,Drake Powell,SG/SF,North Carolina,19.0,0.445665714285714,Average,7.4,3.4,1.1,0.7,0.7,0.483,0.379,0.4004576659038902,5.7,1.5,0.7,,26.25391927536953,26,0.445665714285714,C+,6-6,195,"6'10""","Will Barton, Herb Jones","Physical profile, defensive projection, shooting","Limited production, creation ability",27,1,Freshman,USA,"8'7""",0.648,"Versatile wing, 3-and-D player","Bench contributor, role player",2025-06-12,68.2,37,25.6,2025-06-13,True,0.0,47,0.0,0.8333333333333333,0.5,0.5,0.5,0.8333333333333333,0,0.5,0.5,Brooklyn Nets,26.0,1.0,0.8,0.5,0.5,0.5,0.728,0.0484576659038902,0.0,0.5399999999999999,0.9,1.0,0.5406515331807781,22.0,False,0.7106515331807781,late_first,17.0,5.0,10.0,-5.0,11.0,23.0,ORANGE,34,-4,4.94,2.634666666666667,2.3333333333333357,-5,19.633466666666664,27,0.0,Average,0.445665714285714
27,Nolan Traore,PG,Saint-Quentin,18.0,0.4442357142857143,Average,11.4,1.7,5.2,0.6,0.7,0.388,0.298,0.478,10.2,3.3,2.6,,26.98520235336067,27,0.4442357142857143,C+,6-4,184,"6'10""",Lonzo Ball,"Court vision, passing, age, size for position","Shooting, athleticism, efficiency",26,1,Professional,France,"8'7""",0.686,"Playmaking guard, floor general","International project, backup",2025-06-12,68.5,37,22.1,2025-06-13,True,0.0,46,0.0,0.8333333333333333,0.8333333333333333,0.8333333333333333,0.5,0.5,0,0.5,0.5,Orlando Magic,25.0,0.7366666666666667,0.8,0.5,0.5,0.5,0.6648,0.238,0.2,0.5599999999999999,1.0,1.0,0.588336,13.0,False,0.638336,late_first,24.0,13.0,2.0,11.0,18.0,30.0,VERT,35,-4,7.25,3.8666666666666663,4.333333333333336,0,20.516666666666666,26,0.0,Average,0.4442357142857143
28,Danny Wolf,PF/C,Michigan,21.0,0.4399273809523808,Average,11.1,7.9,2.5,0.7,1.1,0.479,0.336,0.6088721368512612,8.9,2.7,2.3,,40.0,28,0.4399273809523808,C+,6-11,252,"6'10""",Kelly Olynyk,"Size, passing, versatility, basketball IQ","Athleticism, defensive consistency",28,1,Junior,USA,"8'7""",0.646,"Skilled big, playmaking center","Backup center, specialist",2025-06-12,68.0,90,25.2,2025-06-13,True,0.0,48,0.0,0.5,0.8333333333333333,0.8333333333333333,0.5,0.8333333333333333,0,0.5,0.5,Brooklyn Nets,27.0,1.0,0.8,0.5,0.5,0.5,0.728,0.3308721368512611,0.0,0.5599999999999999,0.4,1.0,0.5511344273702523,20.0,False,0.7011344273702522,late_first,18.0,8.0,10.0,-2.0,12.0,24.0,ORANGE,33,-4,8.42,4.490666666666667,0.0,0,19.249066666666668,28,0.0,Average,0.4399273809523808
29,Noah Penda,SF/PF,Le Mans,20.0,0.4263616666666665,Average,10.2,5.1,2.6,1.4,0.4,0.44,0.284,0.4263093788063337,7.8,3.7,1.7,,31.722643553629464,29,0.4263616666666665,C+,6-8,225,"6'10""",Nicolas Batum,"Size, versatility, shooting, defense","Production, athleticism",30,1,Professional,France,"8'7""",0.711,"Versatile forward, role player","International player, specialist",2025-06-12,73.1,29,26.9,2025-06-13,True,0.0,50,0.0,0.8333333333333333,0.8333333333333333,0.5,0.5,0.8333333333333333,0,0.5,0.5,Phoenix Suns,29.0,0.0,0.5,0.5,0.5,0.5,0.38,0.1303093788063336,0.2,0.5599999999999999,0.65,1.0,0.4406618757612667,36.0,False,0.5606618757612667,late_first,28.0,6.0,2.0,4.0,22.0,34.0,VERT,31,-4,7.149999999999999,3.813333333333333,0.3333333333333357,0,17.991333333333333,30,0.0,Average,0.4263616666666665
30,Ben Saraf,PG/SG,Ratiopharm Ulm,19.0,0.4262683333333336,Average,11.6,2.8,4.1,1.1,0.2,0.403,0.261,0.4666666666666667,10.5,3.2,2.0,,31.56872268091307,30,0.4262683333333336,C+,6-5,201,"6'10""",Manu Ginobili,"Handle, court vision, competitiveness","Athleticism, shooting range",29,1,Professional,Israel,"8'7""",0.730,"Crafty guard, playmaker","International player, backup",2025-06-12,72.0,38,23.5,2025-06-13,True,0.0,49,0.0,1.0,0.8333333333333333,0.8333333333333333,0.8333333333333333,0.5,0,0.5,0.5,Boston Celtics,28.0,0.0,0.8,0.5,0.5,0.5,0.488,0.1986666666666666,0.2,0.59,0.9,1.0,0.5198933333333333,26.0,False,0.5498933333333333,late_first,29.0,3.0,0.0,3.0,23.0,35.0,VERT,32,-4,7.46,3.9786666666666664,2.3333333333333357,0,18.667866666666665,29,0.0,Average,0.4262683333333336
31,Alex Toohey,SF,Sydney,21.0,0.3064298448773449,Project,9.3,3.9,1.1,1.0,0.7,0.443,0.28,0.4956827630316598,7.4,2.8,0.7,,40.0,31,0.3064298448773449,C,6-8,223,"6'8""",Bojan Bogdanovic,"Shooting, size, mobility, professional experience","Age, athleticism",34,2,Professional,Australia,"8'5""",0.707,"Stretch forward, shooter",Overseas player,2025-06-12,68.6,57,22.2,2025-06-13,True,-0.13,54,0.0,1.0,0.8333333333333333,0.5,0.5,0.5,0,0.5,0.5,Charlotte Hornets,33.0,0.7366666666666667,0.8,0.5,0.5,0.5,0.6648,0.1816827630316598,0.2,0.41,0.4,1.0,0.3570725526063319,51.0,False,0.4070725526063319,second_round,54.0,17.0,20.0,-3.0,42.0,60.0,ORANGE,27,-6,6.04,3.2213333333333334,0.0,0,15.022133333333333,34,0.0,Average,0.3064298448773449
32,Adou Thiero,SF,Arkansas,20.0,0.3064298448773449,Project,8.8,4.4,1.2,1.0,0.7,0.514,0.289,0.498,5.8,7.7,1.1,,31.04768143746198,32,0.3064298448773449,C,6-6,218,"6'8""",Keldon Johnson,"Athleticism, transition offense, defensive playmaking","Shooting consistency, creation ability",31,2,Junior,USA,"8'5""",0.689,"Athletic wing, energy player",Bench contributor,2025-06-12,72.2,72,20.4,2025-06-13,True,-0.05,51,0.0,0.8333333333333333,0.8333333333333333,0.5,0.5,0.8333333333333333,0,0.5,0.5,LA Clippers,30.0,0.29,0.8,0.5,0.5,0.5,0.5576,0.174,0.0,0.42,0.65,1.0,0.412232,39.0,False,0.532232,second_round,41.0,8.0,10.0,-2.0,31.0,51.0,ORANGE,30,-6,5.960000000000001,3.178666666666667,0.3333333333333357,0,16.82786666666667,31,0.0,Average,0.3064298448773449
33,Hugo Gonzalez,SF,Real Madrid,19.0,0.289517305194805,Project,3.2,1.6,0.5,0.2,0.2,0.413,0.271,0.3685724559510966,2.5,1.0,0.6,,25.06373836237766,33,0.289517305194805,C,6-7,210,"6'8""",Jonathan Kuminga,"Physical foundation, defensive outlook, youth","Limited minutes, shooting consistency",33,2,Professional,Spain,"8'5""",0.756,"Athletic wing, upside play",International project,2025-06-12,71.7,76,9.4,2025-06-13,True,-0.05,53,0.0,0.8333333333333333,0.8333333333333333,0.5,0.5,0.8333333333333333,0,0.5,0.5,Boston Celtics,32.0,0.0,0.8,0.5,0.5,0.5,0.488,0.0,0.2,0.42,0.9,1.0,0.39616,48.0,False,0.6461600000000001,second_round,34.0,15.0,1.0,14.0,25.0,43.0,VERT,28,-6,2.18,1.1626666666666667,2.3333333333333357,-5,15.386266666666668,33,0.0,Average,0.289517305194805
34,Jamir Watkins,SF,Florida State,19.0,0.2818899242424242,Project,12.9,5.2,1.9,1.3,0.6,0.427,0.325,0.3275109170305677,9.4,4.9,2.1,,25.44805953625685,34,0.2818899242424242,C,6-6,207,"6'8""",Role player,"Versatility, Two-way play","Needs development, limited upside",36,2,Junior,USA,"8'5""",0.758,Solid contributor,Bench player,2025-06-12,68.9,126,25.6,2025-06-13,True,-0.05,56,0.0,0.5,0.5,0.5,0.5,0.5,0,0.5,0.5,Philadelphia 76ers,35.0,0.1699999999999999,0.8,0.5,0.5,0.5,0.5287999999999999,0.0855109170305677,0.0,0.36,0.9,1.0,0.3983181834061136,47.0,False,0.5983181834061135,second_round,37.0,11.0,1.0,10.0,29.0,45.0,VERT,25,-6,8.39,4.474666666666667,2.3333333333333357,0,14.017466666666667,36,0.0,Average,0.2818899242424242
35,Chaz Lanier,SG,Tennessee,23.0,0.2734857142857143,Project,11.4,3.3,1.2,0.7,0.2,0.458,0.402,0.5118924508790073,8.6,1.8,0.9,,40.0,35,0.2734857142857143,C,6-4,206,"6'8""","Seth Curry, Alec Burks","Elite shooting, offensive firepower, experience","Age, defensive limitations, versatility",35,2,Senior,USA,"8'5""",0.824,"Scoring guard, specialist",Backup shooter,2025-06-12,71.1,142,25.5,2025-06-13,True,-0.05,55,0.0,1.0,0.5,0.5,0.5,0.8333333333333333,0,0.5,0.5,Charlotte Hornets,34.0,0.7366666666666667,0.8,0.5,0.5,0.5,0.6648,0.2398924508790072,0.0,0.41,0.15,1.0,0.4077144901758014,42.0,False,0.5577144901758014,second_round,40.0,7.0,5.0,2.0,32.0,48.0,VERT,26,-6,6.930000000000001,3.6960000000000006,0.0,0,14.4696,35,0.0,Average,0.2734857142857143
36,Labaron Philon,PG,Alabama,20.0,0.2685210714285714,Project,10.6,3.3,3.8,1.4,0.3,0.452,0.315,0.3999049730757048,8.5,2.4,2.8,,33.95246478873239,36,0.2685210714285714,C,6-0,174,"6'8""",Role player,"Court vision, Ball handling","Needs development, limited upside",40,2,Sophomore,USA,"8'5""",0.767,Solid contributor,Bench player,2025-06-12,68.4,37,24.7,2025-06-13,True,-0.05,60,0.0,0.5,0.5,0.8333333333333333,0.5,0.5,0,0.5,0.5,Washington Wizards,40.0,1.0,0.5,0.5,0.5,0.5,0.62,0.0899049730757047,0.0,0.38,0.65,1.0,0.4073809946151409,43.0,False,0.5273809946151409,second_round,43.0,3.0,3.0,0.0,35.0,51.0,VERT,21,-6,7.05,3.76,0.3333333333333357,0,11.486,40,0.0,Average,0.2685210714285714
37,Kam Jones,PG,Marquette,23.0,0.2653890476190476,Project,14.9,3.1,2.9,1.2,0.1,0.475,0.366,0.548,12.0,1.8,1.3,,34.316118935837245,37,0.2653890476190476,C,6-3,188,"6'8""",Role player,"Pace control, Court vision","Needs development, limited upside",38,2,Senior,USA,"8'5""",0.671,Solid contributor,Bench player,2025-06-12,71.8,137,28.1,2025-06-13,True,-0.05,58,0.0,0.5,0.5,0.8333333333333333,0.5,0.5,0,0.5,0.5,Detroit Pistons,37.0,1.0,0.8,0.5,0.5,0.5,0.728,0.193,0.0,0.38,0.15,1.0,0.41256,38.0,False,0.51256,second_round,46.0,0.0,8.0,-8.0,36.0,56.0,ORANGE,23,-6,8.96,4.778666666666667,0.0,0,12.777866666666666,38,0.0,Average,0.2653890476190476
38,Ryan Nembhard,PG,Gonzaga,22.0,0.2646920238095238,Project,11.7,3.5,6.6,1.2,0.1,0.432,0.347,0.4558147174770038,9.9,2.5,2.5,,29.541294459363193,38,0.2646920238095238,C,6-2,181,"6'8""",Role player,"Pace control, Leadership","Needs development, limited upside",49,2,Senior,USA,"8'5""",0.784,Bench player,Bench player,2025-06-12,70.6,134,34.9,2025-06-13,True,-0.05,69,0.0,0.5,0.5,0.5,0.8333333333333333,0.5,0,0.5,0.5,Cleveland Cavaliers,49.0,0.0,0.8,0.5,0.5,0.5,0.488,0.2858147174770037,0.0,0.38,0.15,1.0,0.3543229434954008,54.0,False,0.4043229434954007,second_round,56.0,5.0,7.0,-2.0,46.0,60.0,ORANGE,12,-6,8.219999999999999,4.3839999999999995,0.0,0,6.138399999999999,49,0.0,Average,0.2646920238095238
39,Javon Small,PG,West Virginia,20.0,0.2594939285714285,Project,14.2,3.9,4.4,1.1,0.2,0.415,0.35,0.2060575968222443,10.5,4.1,2.6,,40.0,39,0.2594939285714285,C,6-3,177,"6'8""",Role player,"Pace control, Ball handling","Needs development, limited upside",47,2,Senior,USA,"8'5""",0.871,Bench player,Bench player,2025-06-12,68.0,97,30.4,2025-06-13,True,-0.05,67,0.0,0.5,0.5,0.5,0.5,0.5,0,0.5,0.5,Milwaukee Bucks,47.0,0.0,0.5,0.5,0.5,0.5,0.38,0.0,0.0,0.36,0.65,1.0,0.3086,58.0,False,0.4286,second_round,53.0,11.0,6.0,5.0,43.0,60.0,VERT,14,-6,9.15,4.880000000000001,0.3333333333333357,0,7.398000000000001,47,0.0,Average,0.2594939285714285
40,Kobe Sanders,SF,Nevada,20.0,0.2576583766233765,Project,11.5,3.1,2.8,0.9,0.3,0.427,0.329,0.1996197718631178,8.7,3.7,2.0,,40.0,40,0.2576583766233765,C,6-7,219,"6'8""",Role player,"Basketball IQ, Two-way play","Needs development, limited upside",46,2,Senior,USA,"8'5""",0.794,Bench player,Bench player,2025-06-12,70.8,133,27.7,2025-06-13,True,-0.05,66,0.0,0.5,0.5,0.8333333333333333,0.5,0.5,0,0.5,0.5,Orlando Magic,46.0,0.7366666666666667,0.8,0.5,0.5,0.5,0.6648,0.0,0.0,0.38,0.65,1.0,0.403736,45.0,False,0.523736,second_round,44.0,1.0,2.0,-1.0,36.0,52.0,VERT,15,-6,7.239999999999999,3.8613333333333326,0.3333333333333357,0,7.896133333333333,46,0.0,Average,0.2576583766233765
41,Koby Brea,SF,Kentucky,20.0,0.2573952813852813,Project,8.8,3.1,1.1,0.4,0.2,0.45,0.434,0.2939529675251959,6.8,0.6,0.7,,27.247119078105,41,0.2573952813852813,C,6-8,213,"6'8""",Role player,"Basketball IQ, Versatility","Needs development, limited upside",42,2,Junior,USA,"8'5""",0.802,Solid contributor,Bench player,2025-06-12,71.3,149,24.9,2025-06-13,True,-0.05,62,0.0,0.5,0.5,0.8333333333333333,0.5,0.5,0,0.5,0.5,Sacramento Kings,42.0,0.6100000000000001,0.5,0.5,0.5,0.5,0.5264,0.0,0.0,0.38,0.65,1.0,0.359448,50.0,False,0.5294479999999999,second_round,42.0,8.0,0.0,8.0,34.0,50.0,VERT,19,-6,5.55,2.96,0.3333333333333357,0,10.206,42,0.0,Average,0.2573952813852813
42,Yanic Konan Niederhauser,C,Penn State,21.0,0.2513890873015871,Project,8.1,4.4,0.4,0.4,1.8,0.57,0.216,0.4156479217603912,5.4,2.8,1.4,,30.04694835680751,42,0.2513890873015871,C,7-0,248,"6'8""",Role player,"Rim protection, Rebounding","Needs development, limited upside",39,2,Senior,USA,"8'5""",0.648,Solid contributor,Bench player,2025-06-12,71.1,76,18.6,2025-06-13,True,-0.05,59,0.0,0.5,0.5,0.5,0.5,0.5,0,0.5,0.5,Toronto Raptors,39.0,0.1066666666666666,0.8,0.5,0.5,0.5,0.5136,0.0623145884270578,0.0,0.36,0.4,1.0,0.3388149176854115,55.0,False,0.3388149176854115,second_round,58.0,16.0,19.0,-3.0,48.0,60.0,ORANGE,22,-6,5.45,2.9066666666666667,0.0,0,11.990666666666666,39,0.0,Average,0.2513890873015871
43,Tyrese Proctor,PG,Duke,21.0,0.2430404761904761,Project,10.8,3.0,3.0,0.7,0.1,0.421,0.365,0.2507979936160511,9.0,1.8,1.3,,23.870345359830218,43,0.2430404761904761,C,6-3,183,"6'8""",Role player,"Leadership, Ball handling","Needs development, limited upside",37,2,Senior,USA,"8'5""",0.768,Solid contributor,Bench player,2025-06-12,72.0,106,29.9,2025-06-13,True,-0.05,57,0.0,0.5,0.5,0.5,0.8333333333333333,0.5,0,0.5,0.5,Brooklyn Nets,36.0,1.0,0.8,0.5,0.5,0.5,0.728,0.0,0.0,0.38,0.4,1.0,0.39896,46.0,False,0.4989599999999999,second_round,48.0,9.0,11.0,-2.0,38.0,58.0,ORANGE,24,-6,6.9,3.68,0.0,0,13.268,37,0.0,Average,0.2430404761904761
44,Bogoljub Markovic,PF,Mega,21.0,0.2427977344877344,Project,12.3,6.1,2.4,0.8,0.7,0.543,0.37,0.1734430461439174,7.9,3.8,2.4,,40.0,44,0.2427977344877344,C,6-11,235,"6'8""",Role player,"Rebounding, Post play","Needs development, limited upside",41,2,Junior,Serbia,"8'5""",0.760,Solid contributor,Bench player,2025-06-12,68.6,34,26.6,2025-06-13,True,-0.05,61,0.0,0.5,0.5,0.5,0.5,0.5,0,0.5,0.5,Golden State Warriors,41.0,0.0,0.8,0.5,0.5,0.5,0.488,0.0,0.2,0.36,0.4,1.0,0.33416,56.0,False,0.48416,second_round,50.0,15.0,9.0,6.0,38.0,60.0,ORANGE,20,-6,8.46,4.5120000000000005,0.0,0,10.9512,41,0.0,Average,0.2427977344877344
45,Hansen Yang,C,Qingdao,20.0,0.2375883297258297,Project,15.8,10.7,3.5,0.9,2.4,0.569,0.291,0.537,11.0,4.6,3.3,,38.81532183756747,45,0.2375883297258297,C,6-10,259,"6'8""",Role player,"Size, Rim protection","Needs development, limited upside",43,2,Junior,China,"8'5""",0.647,Solid contributor,Bench player,2025-06-12,69.6,96,33.1,2025-06-13,True,-0.05,63,0.0,0.5,0.5,0.5,0.5,0.5,0,0.5,0.5,Utah Jazz,43.0,1.0,0.8,0.5,0.5,0.5,0.728,0.3936666666666666,0.2,0.36,0.65,1.0,0.5146933333333333,29.0,False,0.6346933333333333,second_round,35.0,14.0,8.0,6.0,23.0,47.0,ORANGE,18,-6,11.81,6.298666666666666,0.3333333333333357,0,9.939866666666664,43,0.0,Average,0.2375883297258297
46,Hunter Sallis,SG,Wake Forest,22.0,0.2300463492063492,Project,11.1,3.3,1.8,0.9,0.4,0.479,0.334,0.2850252137689103,8.5,2.4,1.4,,40.0,46,0.2300463492063492,C,6-6,198,"6'8""",Role player,"Athletic ability, Three-point shooting","Needs development, limited upside",45,2,Sophomore,USA,"8'5""",0.782,Solid contributor,Bench player,2025-06-12,73.5,135,25.3,2025-06-13,True,-0.05,65,0.0,1.0,0.8333333333333333,0.5,0.5,0.5,0,0.5,0.5,Chicago Bulls,45.0,0.8233333333333333,0.5,0.5,0.5,0.5,0.5776,0.0070252137689103,0.0,0.41,0.15,1.0,0.3332370427537821,57.0,False,0.383237042753782,second_round,57.0,12.0,12.0,0.0,47.0,60.0,ORANGE,16,-6,6.9,3.68,0.0,0,8.468,45,0.0,Average,0.2300463492063492
47,Ryan Kalkbrenner,C,Creighton,23.0,0.2299352344877344,Project,14.5,6.8,1.1,0.4,2.4,0.658,0.311,0.4014796102490075,8.8,3.6,1.3,,40.0,47,0.2299352344877344,C,7-1,257,"6'8""",Colin Castleton,"Size, shot-blocking, post scoring, experience","Age, mobility, upside",32,2,Senior,USA,"8'5""",0.709,"Defensive center, post scorer",Backup center,2025-06-12,72.3,169,29.3,2025-06-13,True,-0.05,52,0.0,0.5,0.5,0.5,0.5,0.8333333333333333,0,0.5,0.5,Minnesota Timberwolves,31.0,0.1766666666666666,0.8,0.5,0.5,0.5,0.5304,0.1281462769156741,0.0,0.38,0.15,1.0,0.3561173333333333,52.0,False,0.4561173333333332,second_round,52.0,20.0,20.0,0.0,42.0,60.0,ORANGE,29,-6,9.51,5.072,0.0,0,16.4072,32,0.0,Average,0.2299352344877344
48,Johni Broome,C,Auburn,23.0,0.2217690440115439,Project,16.1,9.5,1.7,0.8,2.5,0.539,0.302,0.552,12.1,4.5,1.8,,33.471416735708374,48,0.2217690440115439,C,7-2,252,"6'8""",Role player,"Size, Rebounding","Needs development, limited upside",44,2,Junior,USA,"8'5""",0.603,Solid contributor,Bench player,2025-06-12,69.2,168,27.2,2025-06-13,True,-0.05,64,0.0,0.5,0.5,0.5,0.5,0.5,0,0.5,0.5,Oklahoma City Thunder,44.0,0.2966666666666667,0.5,0.5,0.5,0.5,0.4512,0.3686666666666667,0.0,0.36,0.15,1.0,0.3551173333333333,53.0,False,0.4051173333333333,second_round,55.0,9.0,11.0,-2.0,45.0,60.0,ORANGE,17,-6,11.24,5.994666666666667,0.0,0,9.299466666666666,44,0.0,Average,0.2217690440115439
49,Rocco Zikarsky,C,Brisbane,23.0,0.2041745238095237,Project,3.8,2.6,0.2,0.2,0.8,0.56,0.167,0.4518972213922916,2.8,1.2,0.6,,36.222295010372314,49,0.2041745238095237,C,7-0,267,"6'8""",Role player,"Interior presence, Rebounding","Needs development, limited upside",48,2,Sophomore,Australia,"8'5""",0.537,Bench player,Bench player,2025-06-12,71.2,45,8.9,2025-06-13,True,-0.13,68,0.0,0.5,0.5,0.5,0.5,0.5,0,0.5,0.5,Memphis Grizzlies,48.0,0.6266666666666667,0.5,0.5,0.5,0.5,0.5304,0.0385638880589582,0.2,0.36,0.15,1.0,0.2504407776117917,60.0,False,0.3004407776117916,second_round,59.0,12.0,11.0,1.0,47.0,60.0,ORANGE,13,-6,2.72,1.4506666666666663,0.0,-5,6.345066666666667,48,0.0,Average,0.2041745238095237
50,Amari Williams,PF,Kentucky,23.0,0.1913911471861472,Project,10.4,7.4,2.0,0.8,1.6,0.529,0.299,0.0844322933419105,7.2,4.4,2.1,,40.0,50,0.1913911471861472,C,6-11,227,"6'8""",Role player,"Rebounding, Motor","Needs development, limited upside",50,2,Senior,USA,"8'5""",0.628,Bench player,Bench player,2025-06-12,72.4,141,21.4,2025-06-13,True,-0.05,70,0.0,0.5,0.5,0.5,0.5,0.5,1,0.5,0.5,New York Knicks,50.0,0.0,0.8,0.5,0.5,0.5,0.488,0.0,0.0,0.36,0.15,1.0,0.29316,59.0,False,0.29316,second_round,60.0,9.0,10.0,-1.0,50.0,60.0,ORANGE,11,-6,7.82,4.170666666666667,0.0,0,5.517066666666667,50,0.0,Average,0.1913911471861472
51,Mark Sears,PG,Alabama,21.0,0.0834233333333332,Project,16.7,3.9,3.9,1.3,0.1,0.445,0.375,0.4640921409214092,11.5,5.3,2.4,,37.61714254397984,51,0.0834233333333332,C-,6-2,185,"6'8""",Role player,"Pace control, Ball handling","Needs development, limited upside",52,2,Junior,USA,"8'5""",0.858,Bench player,G-League player,2025-06-12,73.3,170,30.9,2025-06-13,True,0.0,72,0.0,0.5,0.5,0.5,0.5,0.5,0,0.5,0.5,Phoenix Suns,52.0,0.0,0.5,0.5,0.5,0.5,0.38,0.1590921409214092,0.0,0.5,0.4,1.0,0.3934184281842819,49.0,False,0.4934184281842819,second_round,49.0,3.0,3.0,0.0,41.0,57.0,VERT,9,-8,10.3,5.493333333333332,0.0,0,3.9493333333333327,52,0.0,Average,0.0834233333333332
52,Eric Dixon,PF,Villanova,22.0,0.0653833333333333,Project,14.3,5.6,1.4,0.7,0.4,0.471,0.387,0.516,10.5,3.7,1.5,,28.300032754667537,52,0.0653833333333333,C-,6-8,236,"6'8""",Role player,"Motor, Rebounding","Needs development, limited upside",53,2,Junior,USA,"8'5""",0.813,Bench player,G-League player,2025-06-12,68.4,162,27.5,2025-06-13,True,0.0,73,0.0,0.5,0.5,0.5,0.5,0.5,1,0.5,0.5,Utah Jazz,53.0,1.0,0.8,0.5,0.5,0.5,0.728,0.302,0.0,0.5,0.15,1.0,0.50836,31.0,False,0.60836,second_round,36.0,22.0,17.0,5.0,26.0,46.0,ORANGE,8,-8,9.11,4.858666666666666,0.0,0,3.2858666666666663,53,0.0,Average,0.0653833333333333
53,Brice Williams,SG,Nebraska,22.0,0.0649833333333333,Project,12.5,4.2,1.6,0.8,0.4,0.463,0.385,0.3904978848031239,8.9,3.4,1.5,,32.17621518585196,53,0.0649833333333333,C-,6-2,192,"6'8""",Role player,"Athletic ability, Shot creation","Needs development, limited upside",54,2,Senior,USA,"8'5""",0.840,Bench player,G-League player,2025-06-12,69.5,157,26.4,2025-06-13,True,0.0,74,0.0,0.5,0.8333333333333333,0.5,0.5,0.5,0,0.5,0.5,Indiana Pacers,54.0,0.8300000000000001,0.8,0.5,0.5,0.5,0.6872,0.1404978848031239,0.0,0.52,0.15,1.0,0.4670035769606248,33.0,False,0.5670035769606248,second_round,39.0,21.0,15.0,6.0,29.0,49.0,ORANGE,7,-8,7.83,4.176,0.0,0,2.6176000000000004,54,0.0,Average,0.0649833333333333
54,Micah Peavy,SF,Georgetown,20.0,0.0546733333333333,Project,9.5,4.2,2.0,1.2,0.4,0.451,0.323,0.4503708936771458,8.4,2.1,1.7,,25.10152397032035,54,0.0546733333333333,C-,6-6,206,"6'8""",Role player,"Size, Two-way play","Needs development, limited upside",58,2,Sophomore,USA,"8'5""",0.606,Bench player,G-League player,2025-06-12,72.6,159,25.9,2025-06-13,True,0.0,78,0.0,0.5,0.5,0.5,0.5,0.5,0,0.5,0.5,Cleveland Cavaliers,58.0,0.0,0.8,0.5,0.5,0.5,0.488,0.1403708936771457,0.0,0.5,0.65,1.0,0.4492341787354291,35.0,False,0.5692341787354291,second_round,38.0,23.0,20.0,3.0,28.0,48.0,ORANGE,3,-8,6.41,3.4186666666666667,0.3333333333333357,0,0.1518666666666666,58,0.0,Average,0.0546733333333333
55,John Tonje,SG,Wisconsin,22.0,0.0508333333333332,Project,10.8,3.4,1.0,0.5,0.2,0.457,0.378,0.3821499013806706,7.2,4.8,1.3,,28.83255086071987,55,0.0508333333333332,C-,6-2,192,"6'8""",Role player,"Scoring, Athletic ability","Needs development, limited upside",51,2,Sophomore,USA,"8'5""",0.858,Bench player,G-League player,2025-06-12,69.3,167,23.0,2025-06-13,True,0.0,71,0.0,0.5,0.8333333333333333,0.5,0.5,0.5,0,0.5,0.5,LA Clippers,51.0,0.29,0.8,0.5,0.5,0.5,0.5576,0.0981499013806706,0.0,0.52,0.15,1.0,0.4170619802761341,37.0,False,0.5170619802761341,second_round,45.0,14.0,6.0,8.0,35.0,55.0,VERT,10,-8,6.62,3.530666666666667,0.0,0,4.353066666666667,51,0.0,Average,0.0508333333333332
56,Tamar Bates,SG,Missouri,19.0,0.0483999999999999,Project,9.2,2.1,1.0,0.7,0.1,0.456,0.373,0.552,7.1,1.8,1.1,,34.262719172175906,56,0.0483999999999999,C-,6-6,187,"6'8""",Role player,"Scoring, Athletic ability","Needs development, limited upside",56,2,Sophomore,USA,"8'5""",0.924,Bench player,G-League player,2025-06-12,70.0,133,22.1,2025-06-13,True,0.0,76,0.0,0.5,0.8333333333333333,0.5,0.5,0.5,0,0.5,0.5,Memphis Grizzlies,56.0,0.6266666666666667,0.5,0.5,0.5,0.5,0.5304,0.236,0.0,0.52,0.9,1.0,0.510928,30.0,False,0.8209280000000001,second_round,31.0,26.0,25.0,1.0,21.0,41.0,ORANGE,5,-8,5.43,2.896,2.3333333333333357,0,1.3596,56,0.0,Average,0.0483999999999999
57,Sion James,SF,Duke,19.0,0.0428,Project,9.3,4.5,3.0,1.4,0.5,0.481,0.358,0.559,6.5,3.1,1.4,,26.031825169304916,57,0.0428,C-,6-8,227,"6'8""",Role player,"Two-way play, Versatility","Needs development, limited upside",57,2,Junior,USA,"8'5""",0.715,Bench player,G-League player,2025-06-12,69.8,153,32.0,2025-06-13,True,0.0,77,0.0,0.5,0.5,0.5,0.5,0.5,0,0.5,0.5,Orlando Magic,57.0,0.7366666666666667,0.8,0.5,0.5,0.5,0.6648,0.245,0.0,0.5,0.9,1.0,0.551736,19.0,False,0.801736,second_round,32.0,38.0,25.0,13.0,22.0,42.0,ORANGE,4,-8,6.6,3.5199999999999996,2.3333333333333357,0,0.822,57,0.0,Average,0.0428
58,Mouhamed Faye,C,Reggio Emilia,19.0,0.0427899999999999,Project,9.0,6.4,0.4,0.5,1.3,0.644,0.0,0.4197158846319414,6.2,2.2,1.5,,21.83459732755507,58,0.0427899999999999,C-,6-10,256,"6'8""",Role player,"Size, Interior presence","Needs development, limited upside",55,2,Junior,Italy,"8'5""",0.492,Bench player,G-League player,2025-06-12,68.4,58,20.0,2025-06-13,True,0.0,75,0.0,0.5,0.5,0.5,0.5,0.5,0,0.5,0.5,Los Angeles Lakers,55.0,0.0,0.8,0.5,0.5,0.5,0.488,0.1330492179652747,0.2,0.5,0.9,1.0,0.488769843593055,32.0,False,0.6887698435930549,second_round,33.0,23.0,22.0,1.0,21.0,45.0,ORANGE,6,-8,6.5,3.466666666666667,2.3333333333333357,0,2.0166666666666666,55,0.0,Average,0.0427899999999999
59,Lachlan Olbrich,PF,Illawarra,21.0,0.0373166666666666,Project,6.1,3.4,1.1,0.4,0.5,0.561,0.208,0.1150976345451659,4.4,1.8,0.8,,40.0,59,0.0373166666666666,C-,6-9,235,"6'8""",Role player,"Rebounding, Post play","Needs development, limited upside",59,2,Sophomore,Australia,"8'5""",0.583,Bench player,G-League player,2025-06-12,69.0,60,13.7,2025-06-13,True,-0.08,79,0.0,0.5,0.5,0.5,0.5,0.5,0,0.5,0.5,Houston Rockets,59.0,1.0,0.8,0.5,0.5,0.5,0.728,0.0,0.2,0.5,0.4,1.0,0.40896,41.0,False,0.45896,second_round,51.0,18.0,8.0,10.0,39.0,60.0,ORANGE,2,-8,4.29,2.2880000000000003,0.0,-5,-0.6712,59,0.0,Average,0.0373166666666666
60,Zvonimir Ivisic,C,Arkansas,22.0,0.0323333333333332,Project,7.6,4.0,0.7,0.6,1.7,0.492,0.376,0.5149147727272727,5.5,1.5,1.3,,36.11382581201495,60,0.0323333333333332,C-,7-2,265,"6'8""",Role player,"Interior presence, Rim protection","Needs development, limited upside",60,2,Junior,USA,"8'5""",0.738,Bench player,G-League player,2025-06-12,71.5,50,16.9,2025-06-13,True,0.0,80,0.0,0.5,0.5,0.5,0.5,0.5,0,0.5,0.5,,,0.5,0.5,0.5,0.5,0.5,0.5,0.148248106060606,0.0,0.5,0.15,1.0,0.4046496212121212,44.0,False,0.5046496212121212,second_round,47.0,16.0,13.0,3.0,37.0,57.0,ORANGE,1,-8,5.14,2.7413333333333334,0.0,-5,-1.2258666666666669,60,0.0,Average,0.0323333333333332